{"cameraMode":{"drawMode":0,"name":"Shaded","section":"Shading Mode"},"sceneLighting":true,"audioPlay":false,"sceneViewState":{"m_AlwaysRefresh":false,"showFog":true,"showSkybox":true,"showFlares":true,"showImageEffects":true,"showParticleSystems":true,"showVisualEffectGraphs":true,"m_FxEnabled":true},"in2DMode":false,"pivot":{"x":-0.2277367115020752,"y":0.35635995864868166,"z":0.12475943565368653},"rotation":{"x":-0.06990804523229599,"y":0.9227962493896484,"z":-0.20075194537639619,"w":-0.32134702801704409},"size":1.9059932231903077,"orthographic":false}